{
    "Mesh": {
	"MeshID": "mesh2",
	"InitElem": 8
    },
    "Session": {
	"Photons":  1000000,
	"RNGSeed":  27182820,
	"ID":       "mesh2"
    },
    "Forward": {
	"T0": 0.0e+00,
	"T1": 5.0e-09,
	"Dt": 1.0e-10
    },
    "Optode": {
	"Source": {
	    "Pos": [30.0, 30.0, 0.0],
	    "Dir": [0.0, 0.0, 1.0]
	},
	"Detector": [
	    {
		"Pos": [30.0, 20.0, 0.0],
		"R": 1.0
	    },
            {
                "Pos": [30.0, 40.0, 0.0],
                "R": 1.0
            },
            {
                "Pos": [20.0, 30.0, 0.0],
                "R": 1.0
            },
            {
                "Pos": [40.0, 30.0, 0.0],
                "R": 1.0
            }
	]
    }
}
