{
	"Session": {
		"ID": "digimouse",
		"Debug": "P",
		"DoAutoThread": 1,
		"Photons": 100000000
	},
	"Forward": {
		"T0": 0,
		"T1": 5e-09,
		"Dt": 5e-09
	},
	"Optode": {
		"Source": {
			"Pos": [50,200,100],
			"Dir": [0,0,-1],
			"Param1": [100,0,0,2],
			"Param2": [0,100,0,0],
			"Type": "fourier"
		}
	},
	"Domain": {
		"OriginType": 1,
		"LengthUnit": 0.8,
		"Media": [
			{
				"mua": 0,
				"mus": 0,
				"g": 1,
				"n": 1
			},
			{
				"mua": 0.0191,
				"mus": 6.6,
				"g": 0.9,
				"n": 1.37
			},
			{
				"mua": 0.0136,
				"mus": 8.6,
				"g": 0.9,
				"n": 1.37
			},
			{
				"mua": 0.0026,
				"mus": 0.01,
				"g": 0.9,
				"n": 1.37
			},
			{
				"mua": 0.0186,
				"mus": 11.1,
				"g": 0.9,
				"n": 1.37
			},
			{
				"mua": 0.0186,
				"mus": 11.1,
				"g": 0.9,
				"n": 1.37
			},
			{
				"mua": 0.0186,
				"mus": 11.1,
				"g": 0.9,
				"n": 1.37
			},
			{
				"mua": 0.0186,
				"mus": 11.1,
				"g": 0.9,
				"n": 1.37
			},
			{
				"mua": 0.0186,
				"mus": 11.1,
				"g": 0.9,
				"n": 1.37
			},
			{
				"mua": 0.024,
				"mus": 8.9,
				"g": 0.9,
				"n": 1.37
			},
			{
				"mua": 0.0026,
				"mus": 0.01,
				"g": 0.9,
				"n": 1.37
			},
			{
				"mua": 0.024,
				"mus": 8.9,
				"g": 0.9,
				"n": 1.37
			},
			{
				"mua": 0.024,
				"mus": 8.9,
				"g": 0.9,
				"n": 1.37
			},
			{
				"mua": 0.024,
				"mus": 8.9,
				"g": 0.9,
				"n": 1.37
			},
			{
				"mua": 0.024,
				"mus": 8.9,
				"g": 0.9,
				"n": 1.37
			},
			{
				"mua": 0.024,
				"mus": 8.9,
				"g": 0.9,
				"n": 1.37
			},
			{
				"mua": 0.072,
				"mus": 5.6,
				"g": 0.9,
				"n": 1.37
			},
			{
				"mua": 0.072,
				"mus": 5.6,
				"g": 0.9,
				"n": 1.37
			},
			{
				"mua": 0.072,
				"mus": 5.6,
				"g": 0.9,
				"n": 1.37
			},
			{
				"mua": 0.05,
				"mus": 5.4,
				"g": 0.9,
				"n": 1.37
			},
			{
				"mua": 0.024,
				"mus": 8.9,
				"g": 0.9,
				"n": 1.37
			},
			{
				"mua": 0.076,
				"mus": 10.9,
				"g": 0.9,
				"n": 1.37
			}
		],
		"Dim": [190,496,104],
		"VolumeFile": "digimouse_0.8mm.bin"
	}
}
