{
    "Mesh": {
	"MeshID": "onecube",
	"InitElem": 3
    },
    "Session": {
	"Photons":  100,
	"RNGSeed":  17182818,
	"ID":       "onecube"
    },
    "Forward": {
	"T0": 0.0e+00,
	"T1": 5.0e-09,
	"Dt": 5.0e-10
    },
    "Optode": {
	"Source": {
	    "Pos": [2.0, 8.0, 0.0],
	    "Dir": [0.0, 0.0, 1.0]
	},
	"Detector": [
	    {
		"Pos": [2.0, 6.0, 0.0],
		"R": 1.0
	    },
            {
                "Pos": [2.0, 4.0, 0.0],
                "R": 1.0
            },
            {
                "Pos": [2.0, 2.0, 0.0],
                "R": 1.0
            }
	]
    }
}
